Gene_symbol,Cell_type,Mean_log2_fold_change,Adjusted_p_value
Gpr141,Mono,5.386904161,2.00E-56
Cd244a,Mono,4.985584751,1.75E-50
Itgal,Mono,5.315623349,3.03E-45
Fgr,Mono,3.802335061,2.11E-44
Gm15987,Mono,3.939879656,1.01E-39
Pglyrp1,Mono,7.278636904,8.80E-33
Treml4,Mono,10.13019869,3.27E-31
Hp,Mono,5.232802062,1.71E-29
Plac8,Mono,5.098771582,4.83E-26
Sell,Mono,7.83058332,1.02E-25
Gm5150,Mono,3.560185371,3.06E-24
S100a9,Mono,6.911172241,1.12E-22
Gcnt2,Mono,4.249416904,7.09E-22
Ear2,Mono,8.885209247,1.16E-21
S1pr5,Mono,8.51857486,1.16E-21
Il1f9,Mono,9.645767117,9.24E-20
Napsa,Mono,4.133621468,9.36E-20
5830428M24Rik,Mono,6.170002756,1.44E-19
Cytip,Mono,3.197619926,6.06E-18
Itgax,Mono,3.531858402,1.02E-17
Mirt1,Mono,6.685770801,3.87E-16
Il1b,Mono,4.044208152,9.09E-16
S100a8,Mono,6.845720235,1.63E-15
Dpp4,Mono,4.429170501,4.82E-15
Flt3,Mono,5.223320986,6.19E-14
Trem3,Mono,7.993919083,6.88E-14
Btg1,Mono,2.138603706,7.65E-14
Clec4e,Mono,3.536955059,4.59E-13
Mbp,Mono,2.589373006,1.24E-12
H2-D1,Mono,1.221018316,1.38E-12
Rab11fip1,Mono,4.139982409,1.71E-12
Tmsb4x,Mono,0.966581399,2.20E-12
Gm42418,Mono,0.824371417,3.84E-12
Nlrp12,Mono,6.358126421,5.58E-12
Tmem156,Mono,4.151319604,9.32E-12
Fcgr4,Mono,3.690205485,1.28E-11
Klra2,Mono,3.243333891,1.94E-11
Ap1s3,Mono,4.509619947,2.58E-11
Cxcr2,Mono,6.462700402,3.42E-11
Cd52,Mono,2.60977406,1.26E-10
Mrgpra2a,Mono,9.651745389,2.88E-10
Slpi,Mono,4.340005334,3.06E-10
Psap,Mono,0.869651566,5.84E-10
Adgre4,Mono,3.05503683,1.22E-09
Sirpb1c,Mono,2.340591379,1.25E-09
Rpsa,Mono,1.313586901,1.55E-09
AY036118,Mono,0.780151024,3.06E-09
Atp1a3,Mono,4.415291021,4.86E-09
Mrgpra2b,Mono,6.449368226,6.67E-09
Gm2a,Mono,2.543070926,1.01E-08
Tacstd2,Mono,6.92815257,1.74E-08
Sirpb1a,Mono,2.523024518,1.88E-08
Mcemp1,Mono,5.327649966,2.62E-08
Sirpb1b,Mono,2.547601673,2.64E-08
Spata13,Mono,2.903049718,3.86E-08
Emb,Mono,2.42868209,3.90E-08
Grap2,Mono,2.486081601,4.44E-08
Itgb7,Mono,3.201056347,4.45E-08
Actb,Mono,1.01505495,5.26E-08
Selplg,Mono,2.268940282,5.80E-08
S100a6,Mono,1.577534218,7.00E-08
Srgn,Mono,2.091351097,1.19E-07
Fxyd5,Mono,1.98128806,1.21E-07
B2m,Mono,1.083841784,1.99E-07
Ccdc192,Mono,4.753308834,2.26E-07
Hdc,Mono,6.146755247,2.26E-07
Clec2g,Mono,2.701002619,2.42E-07
Ltb4r1,Mono,4.613918585,2.48E-07
Serpinb2,Mono,3.1169553,2.52E-07
Il18rap,Mono,4.72349658,2.77E-07
Fau,Mono,1.148938823,3.05E-07
Scnn1a,Mono,5.926651407,3.63E-07
Chil1,Mono,5.311359795,3.90E-07
Cyfip2,Mono,2.915083616,4.81E-07
Spn,Mono,2.556024976,5.67E-07
Fn1,Mono,1.772202315,6.16E-07
Wfdc21,Mono,5.628459142,1.17E-06
4931408C20Rik,Mono,8.293188002,1.82E-06
Il1r2,Mono,5.517401392,1.94E-06
Klri1,Mono,7.436014801,2.17E-06
Sorl1,Mono,3.436899576,3.09E-06
Dhrs9,Mono,4.491546065,3.76E-06
Tmsb10,Mono,1.827004483,3.78E-06
Csf3r,Mono,3.819223826,4.21E-06
Cd300e,Mono,5.190753622,4.98E-06
Mxd1,Mono,4.011447409,5.01E-06
Trim30b,Mono,4.171132205,6.53E-06
Slc16a3,Mono,3.312193067,9.58E-06
Rplp1,Mono,0.977864496,1.13E-05
Itpr1,Mono,1.837853929,1.18E-05
Relt,Mono,2.424873857,1.21E-05
S100a11,Mono,2.093620291,1.21E-05
Xylt1,Mono,1.520009921,1.23E-05
Ccr2,Mono,1.86943242,1.73E-05
Arhgap26,Mono,1.546082856,1.87E-05
Retnlg,Mono,8.895005471,1.87E-05
Pygl,Mono,3.456911451,1.90E-05
Abi3,Mono,2.239119375,1.95E-05
Ikzf3,Mono,5.223204126,2.01E-05
Ly6c2,Mono,5.905697468,2.10E-05
Pbxip1,Mono,2.076640837,2.56E-05
Slfn1,Mono,3.3113405,2.67E-05
Plcb1,Mono,2.492405417,3.19E-05
Snai1,Mono,2.421461311,3.51E-05
Cd274,Mono,2.743771599,4.41E-05
Aqp9,Mono,3.418363005,4.50E-05
Gm39556,Mono,4.170187026,4.66E-05
Eef1a1,Mono,0.848923258,4.92E-05
Gpr35,Mono,2.658386527,5.33E-05
Flna,Mono,1.056790882,5.46E-05
Rplp2,Mono,1.032131403,5.95E-05
Ifitm1,Mono,4.17832728,6.22E-05
Aldoa,Mono,1.020158631,7.99E-05
Bcl11a,Mono,4.350676089,8.70E-05
Dgkg,Mono,2.929946994,8.80E-05
Grk3,Mono,2.341846368,1.03E-04
4732465J04Rik,Mono,9.779965277,1.46E-04
Gm39321,Mono,8.20168222,1.46E-04
Ifit1bl1,Mono,6.178917501,1.54E-04
Gm17767,Mono,5.744116761,1.58E-04
Gm45238,Mono,3.421966735,1.65E-04
Jarid2,Mono,0.698957044,1.78E-04
Actg1,Mono,0.848380971,1.91E-04
Nfe2,Mono,3.795075967,2.24E-04
Lpl,Mono,1.071481959,2.32E-04
Itln1,Mono,4.667077971,2.37E-04
Col1a2,Mono,1.819001768,2.66E-04
Gm9733,Mono,4.637794511,2.81E-04
Stx11,Mono,2.662583276,2.99E-04
Ifitm6,Mono,1.799059321,3.36E-04
Gpr132,Mono,1.578115121,0.000346739
Ace,Mono,2.801580486,3.49E-04
mt-Atp6,Mono,0.698001927,3.70E-04
Il17ra,Mono,2.025591593,4.21E-04
Nr4a1,Mono,2.868735411,4.60E-04
Msrb1,Mono,1.90226394,5.11E-04
Coro1a,Mono,1.645762872,5.92E-04
Tiam1,Mono,1.732945801,6.98E-04
Gm36723,Mono,4.347146561,8.95E-04
Lrrk2,Mono,2.064492502,0.001002767
Ipcef1,Mono,2.311124392,0.001033338
Trem1,Mono,3.960495676,0.001058864
Gramd4,Mono,2.276080907,0.001120911
Btla,Mono,4.580790906,0.001491767
Samsn1,Mono,2.883337514,0.001543169
Adgrg5,Mono,3.138881666,0.001675769
mt-Nd1,Mono,0.6840564,0.001762324
Slfn4,Mono,3.157338665,0.001957586
Slc7a11,Mono,2.634331737,0.001984871
mt-Co2,Mono,0.674800293,0.002312179
Tpt1,Mono,0.762498111,0.002369427
mt-Co3,Mono,0.61631862,0.002746196
Glipr2,Mono,2.449738568,0.002775999
Slc44a2,Mono,2.033128562,0.002812784
Arhgap27os3,Mono,2.479626656,0.002820832
Dock5,Mono,1.91636795,0.002946542
Rps28,Mono,0.907142825,0.002949614
Rap1gap2,Mono,1.809014084,0.003175586
Spon1,Mono,2.259245757,0.003345114
Sema4d,Mono,1.36749725,0.003707846
Tmem26,Mono,5.277744214,0.003769613
Acap1,Mono,4.829875934,0.003904243
Cd209a,Mono,3.395017681,0.004091002
Mmp9,Mono,4.400892588,0.004888558
Gm35853,Mono,3.130995615,0.005053005
Itgb2,Mono,1.333163403,0.005179893
Gngt2,Mono,2.088078304,0.005202122
Pecam1,Mono,1.442476719,0.005274931
Cd34,Mono,1.634985908,0.005538715
Pfn1,Mono,1.044381839,0.005770126
Cd9,Mono,1.405933564,0.006765041
Rpl41,Mono,0.839739438,0.006876226
Rpl38,Mono,0.840448803,0.006922184
Krt80,Mono,1.989671317,0.00696447
Vcan,Mono,2.222754994,0.007153608
Rin3,Mono,1.817614302,0.007296452
Col1a1,Mono,1.765336121,0.007506403
Mirt2,Mono,5.650257579,0.007927504
St3gal5,Mono,2.091234984,0.008088161
Tbc1d10c,Mono,4.806971327,0.008484713
Ltb,Mono,2.938415276,0.008847492
Zfyve9,Mono,2.135003068,0.009445978
Nedd9,Mono,1.7428819,0.009746577
Rbpj,MP1,1.872383176,1.25E-59
Bank1,MP1,2.88208739,2.01E-58
F13a1,MP1,1.457441935,1.60E-47
Hdac9,MP1,1.983104329,8.80E-46
Mef2c,MP1,1.56664971,1.74E-43
Psd3,MP1,1.270874128,1.11E-42
Lifr,MP1,2.047805331,4.40E-41
C1qc,MP1,1.400245099,2.78E-40
C1qa,MP1,1.300308296,4.55E-40
Cd163,MP1,3.361755786,8.49E-39
Mrc1,MP1,1.022718932,9.43E-39
C1qb,MP1,1.26571545,1.36E-38
Abca9,MP1,2.128379058,5.68E-38
Cfh,MP1,1.3411066,2.16E-35
Slco2b1,MP1,2.288763842,4.09E-35
Tanc2,MP1,1.128661327,3.53E-33
Apoe,MP1,0.991758548,1.64E-31
Slc9a9,MP1,1.004591389,2.48E-31
Cmah,MP1,2.021436268,8.79E-30
Mir99ahg,MP1,1.137051698,4.68E-29
Hpgd,MP1,3.340684929,1.38E-28
Pde3b,MP1,1.573607347,6.65E-28
St3gal6,MP1,2.453504251,6.74E-28
Serinc3,MP1,0.939519847,7.31E-28
P3h2,MP1,3.328060633,1.93E-26
Frmd4b,MP1,0.983921984,2.09E-26
Lilra5,MP1,2.644029421,3.17E-25
Dab2,MP1,0.826514747,1.09E-21
Stard8,MP1,1.851900535,1.73E-21
Cacna1a,MP1,0.840899912,2.64E-21
Maf,MP1,0.873067144,3.38E-21
Mgl2,MP1,2.644922206,4.20E-21
Foxn3,MP1,0.905809719,5.79E-20
Stk17b,MP1,1.236266671,3.40E-19
Ssh2,MP1,1.025232222,3.98E-19
Alox5,MP1,1.759401272,1.19E-18
Immp2l,MP1,1.180794976,1.59E-18
Dlc1,MP1,1.815601891,3.25E-18
Pf4,MP1,1.380421388,3.28E-18
2610203C22Rik,MP1,1.614630344,1.74E-17
Arhgef3,MP1,1.425680165,2.57E-17
Selenop,MP1,1.032404217,2.74E-17
Arsb,MP1,1.735532055,5.76E-17
Fchsd2,MP1,1.318307031,6.02E-17
Mbnl1,MP1,0.774629305,1.21E-16
Tgfbr2,MP1,0.959865821,1.29E-16
Plxna4,MP1,1.240193644,1.74E-16
Zfhx3,MP1,0.849212817,1.86E-16
Stab1,MP1,0.771083213,2.51E-16
Itsn1,MP1,0.818630844,2.19E-15
Ophn1,MP1,0.960431978,5.34E-15
Adam19,MP1,1.214940852,5.31E-14
Ms4a6b,MP1,0.95268025,7.38E-14
App,MP1,0.54690884,1.24E-13
Fli1,MP1,0.81577443,1.69E-13
4933406I18Rik,MP1,1.208799263,2.67E-13
Ppp1r9a,MP1,1.669115951,2.92E-13
Cbr2,MP1,1.197093584,4.96E-13
E330020D12Rik,MP1,1.787444797,6.65E-13
Lyve1,MP1,0.893228772,1.09E-12
Cp,MP1,1.895926804,1.32E-12
Clcn5,MP1,1.210615159,7.66E-12
Agmo,MP1,1.355179706,9.18E-12
Ctsc,MP1,0.732834601,1.44E-11
Cd86,MP1,1.516537229,2.01E-11
Adcy9,MP1,1.451532189,1.06E-10
Epsti1,MP1,1.085787917,1.39E-10
Usp24,MP1,1.053328843,1.47E-10
Pbx3,MP1,1.263255212,1.50E-10
Ccdc50,MP1,0.974926705,1.90E-10
Prkcb,MP1,0.748308392,2.40E-10
Peli2,MP1,1.419452146,2.59E-10
Man1a,MP1,0.665025609,3.95E-10
F630028O10Rik,MP1,0.683910469,4.07E-10
Wwp1,MP1,0.753180579,4.80E-10
Snx2,MP1,0.982410107,5.22E-10
Plekhg5,MP1,1.146317176,9.17E-10
Tbc1d4,MP1,1.296905858,9.19E-10
Ighm,MP1,2.086904266,1.04E-09
Il16,MP1,1.723522305,1.10E-09
Nfxl1,MP1,1.595424246,1.59E-09
Cables1,MP1,1.579634439,1.76E-09
Ap2a2,MP1,0.613804848,2.35E-09
Magi1,MP1,1.131041802,2.83E-09
Ednrb,MP1,2.091733689,3.14E-09
Itga9,MP1,0.863037896,5.07E-09
P2ry12,MP1,1.680022343,5.09E-09
Etv1,MP1,1.636729846,5.76E-09
Clmp,MP1,1.008622431,8.96E-09
Gas6,MP1,1.163595227,9.31E-09
Csf1r,MP1,0.61603842,9.84E-09
Prkg1,MP1,1.551586259,1.10E-08
St6gal1,MP1,0.862355688,1.42E-08
Dclre1c,MP1,0.986951822,1.51E-08
Wdfy2,MP1,0.925986975,1.80E-08
Prune2,MP1,1.155037796,2.05E-08
Fhit,MP1,2.123790255,2.33E-08
Dse,MP1,0.984833861,2.77E-08
Sbf2,MP1,0.709911022,4.15E-08
Slc16a7,MP1,1.212818783,4.25E-08
Zswim6,MP1,0.41597425,6.78E-08
Gas7,MP1,0.982135786,7.76E-08
P2ry6,MP1,0.668012325,8.23E-08
Rnf169,MP1,0.581022319,9.08E-08
Gm31243,MP1,2.379348739,1.06E-07
Fam117b,MP1,0.979525192,1.40E-07
Dip2c,MP1,0.83246791,1.76E-07
Sult1a1,MP1,1.861469943,2.02E-07
Cst3,MP1,0.510548798,2.10E-07
Tmcc1,MP1,0.555088265,3.17E-07
P2rx7,MP1,1.242691535,6.32E-07
Timd4,MP1,1.473718818,6.51E-07
Cd33,MP1,0.605492038,8.20E-07
Tcf4,MP1,0.553444417,1.02E-06
Ppp3ca,MP1,0.513320408,1.13E-06
Nhsl2,MP1,1.522869112,1.22E-06
Ralgps2,MP1,1.461803133,1.26E-06
Slc15a2,MP1,2.775620221,1.55E-06
Cltc,MP1,0.649737523,1.88E-06
Gatm,MP1,0.749947668,2.39E-06
Mtr,MP1,1.127610735,3.09E-06
Ltc4s,MP1,1.321706015,3.18E-06
Rhobtb1,MP1,1.431409179,3.24E-06
Pten,MP1,0.754383786,3.31E-06
Rtn1,MP1,1.576617136,3.43E-06
Eps15,MP1,0.82524691,4.46E-06
Fnbp1,MP1,0.644511522,4.90E-06
Evi5,MP1,1.092765392,5.11E-06
Fcgrt,MP1,1.053808064,7.11E-06
Pepd,MP1,0.929779766,9.33E-06
Susd1,MP1,2.002823761,1.03E-05
Wdfy3,MP1,0.497546215,1.17E-05
Stxbp6,MP1,0.980008929,1.18E-05
Fer,MP1,0.887616963,1.39E-05
Gm30489,MP1,2.2036128,1.48E-05
Ctnnd2,MP1,1.791792554,1.56E-05
Aoah,MP1,0.765360677,1.90E-05
Arhgap18,MP1,0.659087578,2.11E-05
Gm4951,MP1,1.022000803,2.12E-05
Pola1,MP1,1.36749657,2.31E-05
Glcci1,MP1,1.570647133,2.82E-05
Ap1b1,MP1,0.942589822,3.07E-05
Zfp36l1,MP1,0.924564946,3.55E-05
Man2a1,MP1,0.583511173,3.57E-05
Lyz2,MP1,0.486701647,3.60E-05
Ust,MP1,0.723800658,3.74E-05
Ndfip1,MP1,0.690820506,3.80E-05
Ttc28,MP1,1.202855678,3.90E-05
Rgs7bp,MP1,3.331367265,3.98E-05
Cd74,MP1,0.415332238,4.23E-05
Ddx60,MP1,1.324177029,4.33E-05
Lrp6,MP1,0.921137652,4.64E-05
Dleu2,MP1,0.436522165,4.73E-05
Sema6d,MP1,1.302450297,4.87E-05
Runx1,MP1,0.67059443,5.64E-05
Pvt1,MP1,1.061499655,5.71E-05
Itm2b,MP1,0.458218402,7.65E-05
Trf,MP1,0.874652993,7.93E-05
Gm49144,MP1,1.936045984,8.03E-05
Tcf12,MP1,0.648353973,8.28E-05
Thrb,MP1,1.912307756,9.55E-05
Ldlrad4,MP1,0.412570354,1.64E-04
H2-Eb1,MP1,1.814821404,1.75E-04
Mon2,MP1,0.752096939,1.89E-04
Gdi2,MP1,0.642880196,2.20E-04
Reps2,MP1,0.737775415,2.31E-04
Colec12,MP1,1.009330059,2.31E-04
Snx6,MP1,0.965626181,2.35E-04
Eps8,MP1,0.691892616,2.71E-04
Hrh1,MP1,1.340799627,3.48E-04
Fgd2,MP1,0.996530423,4.00E-04
Tm6sf1,MP1,0.480220651,4.31E-04
Serpinb8,MP1,1.057095168,5.03E-04
Zdhhc14,MP1,0.688386697,5.75E-04
Dock1,MP1,0.665744196,5.79E-04
Cyp27a1,MP1,1.155954505,5.80E-04
Tbc1d14,MP1,0.695312447,5.83E-04
Ptpn18,MP1,1.439872683,6.09E-04
3-Mar,MP1,0.894905195,6.12E-04
Gnaq,MP1,0.401177489,6.66E-04
Ank2,MP1,1.117765679,9.18E-04
Adam33,MP1,1.299438409,9.44E-04
Cd81,MP1,0.498486326,0.001018996
Entpd1,MP1,0.441381572,0.001071902
Tbxas1,MP1,0.506932908,0.001086493
Fggy,MP1,1.381738045,0.001126299
Ntpcr,MP1,1.327526623,0.0011525
Pros1,MP1,0.931177115,0.001243325
Ms4a4a,MP1,0.548177851,0.001456058
Nr3c2,MP1,1.649257476,0.001485132
Zbtb16,MP1,0.765263375,0.00151291
Celf4,MP1,2.218300835,0.001770533
Tnfaip8,MP1,0.694120068,0.001884483
Abcb1b,MP1,1.412258561,0.001886794
Mtdh,MP1,0.597598496,0.00193117
Zbtb20,MP1,0.32656894,0.002096435
Meis1,MP1,1.823062887,0.002258091
Comt,MP1,0.896566301,0.00240582
Nlrc4,MP1,0.876721281,0.002538549
Tcn2,MP1,0.613168666,0.002568399
Foxp1,MP1,0.394009525,0.002681364
Tmem176b,MP1,0.799012137,0.002871489
Tasor,MP1,0.738578948,0.003264587
Ppp1r21,MP1,0.886594951,0.00328132
Gng2,MP1,0.648051541,0.003351393
Gm26740,MP1,0.581845803,0.003542394
Dgkd,MP1,0.563449553,0.003770267
Sgce,MP1,1.52510782,0.003801926
Cep68,MP1,1.330376296,0.00408124
Folr2,MP1,1.206365377,0.004160727
Slamf9,MP1,1.027395763,0.004302728
Rap1gds1,MP1,0.494046407,0.004328661
Myo5a,MP1,0.462553914,0.004616058
Gpr34,MP1,1.49857799,0.00514066
Enox2,MP1,0.575458693,0.005818701
Nfia,MP1,0.475946573,0.005859977
Wdpcp,MP1,1.281466762,0.00603391
Rock2,MP1,0.366431933,0.006225502
Fcrls,MP1,0.525559,0.006424896
Rasgrp3,MP1,1.242915864,0.007468323
AC149090.1,MP1,0.610019412,0.007788792
Ext1,MP1,0.419971709,0.008135143
Fam129a,MP1,0.894560651,0.008878249
Mapk14,MP1,0.583491678,0.009560537
Arhgap24,MP2,2.128120862,3.67E-43
Ms4a7,MP2,2.298667617,1.00E-42
St18,MP2,2.47650676,4.84E-41
Gpnmb,MP2,2.550944814,2.88E-39
Apobec1,MP2,1.650588994,1.42E-28
Gm50020,MP2,4.724215946,2.59E-27
Ms4a14,MP2,2.637645329,9.64E-27
Cd84,MP2,1.699541245,2.71E-24
Adra1a,MP2,2.835947262,2.25E-23
Hpgds,MP2,1.549542931,4.56E-23
Cadm1,MP2,1.599532177,1.49E-22
Col3a1,MP2,1.023366679,3.65E-22
Pnpla7,MP2,1.704364797,6.42E-22
Gm13710,MP2,2.28124002,4.97E-21
Col1a1,MP2,0.917606927,5.06E-21
Mgat5,MP2,1.444295373,4.63E-20
Atp13a2,MP2,1.531939827,1.19E-19
Nav2,MP2,1.731963984,1.27E-19
Syngr1,MP2,2.408903721,3.03E-19
Sirpa,MP2,1.212225698,1.31E-18
Slc26a11,MP2,2.142353876,1.46E-18
Atp6v0d2,MP2,3.308297584,1.65E-18
Osbpl8,MP2,1.411693962,4.94E-18
Gm14461,MP2,4.81727133,5.78E-18
Fnip2,MP2,1.61006579,5.50E-17
Col1a2,MP2,0.900565099,7.87E-17
Mitf,MP2,1.209149105,1.15E-16
Arid5b,MP2,1.43188896,4.22E-16
Mpeg1,MP2,1.603702782,6.28E-16
Pdgfc,MP2,1.547618582,2.60E-15
Tcirg1,MP2,1.330590543,2.76E-15
Shisa9,MP2,4.520089045,6.67E-15
Fam20c,MP2,1.769458561,1.07E-14
Itga6,MP2,1.551083819,2.49E-14
Sat1,MP2,1.40823591,2.74E-14
Lgals3,MP2,1.288868616,3.08E-14
Fn1,MP2,0.50361293,3.56E-14
Arhgap19,MP2,2.29940336,6.61E-14
Aph1c,MP2,2.062936264,2.06E-13
Lrmda,MP2,0.944678869,3.05E-13
Cacna1d,MP2,0.942024568,3.66E-13
Aopep,MP2,0.946112077,7.93E-13
Rsrp1,MP2,0.871904673,1.25E-12
Gab2,MP2,0.937705854,1.59E-12
Aig1,MP2,1.414805934,2.02E-12
Mertk,MP2,1.024823117,2.12E-12
Ggta1,MP2,1.2705537,2.22E-12
Nppa,MP2,0.953260873,2.30E-12
Rftn1,MP2,1.003758514,2.74E-12
Fmn1,MP2,1.170707906,3.19E-12
Lhfpl2,MP2,1.816059681,3.31E-12
Hpse,MP2,2.320361027,4.03E-12
Lilr4b,MP2,1.082389163,7.94E-12
Zeb2,MP2,0.635695539,1.01E-11
Manba,MP2,1.173893047,1.48E-11
Mdfic,MP2,1.02764447,1.78E-11
Soat1,MP2,1.303106214,2.05E-11
Sirpb1b,MP2,1.352102584,2.34E-11
Xylt1,MP2,1.324146057,2.45E-11
Fyb,MP2,0.929187908,2.56E-11
Myo1f,MP2,0.985799285,2.87E-11
Postn,MP2,0.821012164,5.33E-11
Ctss,MP2,0.987400527,6.07E-11
Mthfs,MP2,1.763960029,6.25E-11
Atxn1,MP2,0.958421477,7.19E-11
Ly86,MP2,1.455792211,8.07E-11
Rasa4,MP2,1.376022861,9.04E-11
Abr,MP2,1.036289322,1.20E-10
Cxcr4,MP2,1.668927079,1.70E-10
Tgfbr1,MP2,1.009316583,2.17E-10
Csf3r,MP2,0.369424006,2.40E-10
Prkn,MP2,1.038564393,3.00E-10
Blnk,MP2,1.103084463,5.52E-10
Sirpb1c,MP2,1.541339174,6.75E-10
Arhgap17,MP2,1.114591064,8.13E-10
Bcl2l11,MP2,1.688894703,9.17E-10
Otulinl,MP2,1.056973644,2.81E-09
Sparc,MP2,0.676061886,3.22E-09
Trem2,MP2,1.559117203,4.37E-09
Lair1,MP2,1.276482157,4.68E-09
Lrp12,MP2,1.749122763,4.86E-09
Galc,MP2,1.320188241,1.08E-08
Gm15513,MP2,2.648786539,1.24E-08
Dock5,MP2,1.551090774,1.60E-08
Hdac8,MP2,1.138586785,2.31E-08
Plekhm2,MP2,1.213271171,2.55E-08
Rnf180,MP2,1.076152449,2.82E-08
Htr2b,MP2,3.291217265,2.90E-08
Fgd4,MP2,1.083297324,3.70E-08
Dmxl2,MP2,1.48767952,3.97E-08
Tmcc3,MP2,0.967693042,4.46E-08
Ctsd,MP2,0.841270516,4.84E-08
Tnfaip2,MP2,1.312546338,5.50E-08
Mfsd12,MP2,1.585189947,8.46E-08
Wdr91,MP2,1.42173398,9.94E-08
Pik3r5,MP2,1.285210989,1.33E-07
Cd300lf,MP2,1.561954545,1.40E-07
Spp1,MP2,0.437358124,1.67E-07
Ptk2b,MP2,0.961329649,1.80E-07
Fat3,MP2,3.370679934,1.85E-07
Havcr2,MP2,1.537486198,2.53E-07
Fbxo32,MP2,1.774107634,2.54E-07
Phka2,MP2,1.22279568,2.65E-07
Ddx5,MP2,0.511565627,2.68E-07
Dock10,MP2,0.710915292,3.13E-07
Dock7,MP2,0.859459158,3.78E-07
Ddhd1,MP2,1.290438811,4.98E-07
Myo1e,MP2,0.935920626,5.02E-07
Clec12a,MP2,1.329071265,5.12E-07
Etv3,MP2,1.271314717,5.34E-07
Dnajb14,MP2,1.185120052,5.89E-07
Itgav,MP2,1.20734773,7.33E-07
Frrs1,MP2,1.112953453,8.23E-07
Mmp14,MP2,1.369549545,9.83E-07
Ctsl,MP2,0.878275499,1.12E-06
Atp6v1a,MP2,1.109050967,1.12E-06
Pde7b,MP2,0.963053096,1.19E-06
Ccr5,MP2,1.213930447,1.43E-06
Glis3,MP2,1.190520151,1.87E-06
Zc3h6,MP2,2.19084585,1.97E-06
Cxcl16,MP2,1.075421364,2.15E-06
Lyst,MP2,1.034971624,2.27E-06
Adgre1,MP2,0.804722141,3.31E-06
Fcrl1,MP2,4.016667185,3.64E-06
Usp35,MP2,2.263104757,3.99E-06
Zfp704,MP2,1.041890273,4.49E-06
Fbxl20,MP2,0.891343303,4.73E-06
Dennd1a,MP2,0.577969012,4.81E-06
Cerk,MP2,1.000025164,4.96E-06
Anpep,MP2,1.599277127,5.21E-06
Klhl24,MP2,1.098560582,6.06E-06
Abhd12,MP2,0.914455081,6.42E-06
Fabp5,MP2,1.219491257,7.28E-06
Plxnc1,MP2,1.122974188,9.23E-06
Tet2,MP2,0.8702333,9.63E-06
Pparg,MP2,0.842231633,1.15E-05
Crebrf,MP2,0.85490957,1.21E-05
Sel1l3,MP2,3.011293116,1.21E-05
Fstl1,MP2,0.609554966,1.22E-05
Runx2,MP2,1.70267896,1.29E-05
Ms4a6d,MP2,0.558248449,1.35E-05
Ankrd28,MP2,1.551306825,1.49E-05
Bgn,MP2,0.593230172,1.50E-05
Kif13b,MP2,1.036847038,1.92E-05
Cd300c2,MP2,1.147354106,2.30E-05
Ly9,MP2,1.887697104,2.72E-05
Clk1,MP2,0.743693015,2.74E-05
Fbxl2,MP2,1.567985446,2.79E-05
Ap1s2,MP2,0.894430088,2.82E-05
Slc38a6,MP2,0.885500876,2.93E-05
H2-K1,MP2,0.563938995,3.63E-05
Cthrc1,MP2,1.216865102,3.68E-05
Plxdc1,MP2,2.281590249,4.38E-05
Bcas3,MP2,0.739640747,4.67E-05
Klc4,MP2,1.726386893,5.12E-05
Mmp27,MP2,2.176579508,5.21E-05
AU020206,MP2,1.18936311,5.51E-05
Sash1,MP2,0.811409964,5.78E-05
Cipc,MP2,1.604341628,6.18E-05
Cdk9,MP2,1.103276488,8.44E-05
Itgb5,MP2,0.762840299,8.76E-05
Specc1,MP2,2.170814005,9.09E-05
Mta3,MP2,0.958885887,9.22E-05
AU022793,MP2,1.979877761,9.73E-05
Cux1,MP2,0.754057858,9.88E-05
Pam,MP2,0.763319239,9.96E-05
Gan,MP2,1.535976707,1.02E-04
Pou2f2,MP2,0.865871597,1.06E-04
Dhrs3,MP2,0.831774198,1.08E-04
Arhgap15,MP2,0.618618248,1.09E-04
Vav1,MP2,0.993571076,1.17E-04
Lgmn,MP2,0.699529027,1.29E-04
Gm26917,MP2,0.690242273,1.30E-04
Camk1,MP2,0.907362652,1.47E-04
Mapkapk3,MP2,1.58533783,1.47E-04
Stk38,MP2,0.81737887,1.55E-04
Xpr1,MP2,1.032255369,1.60E-04
Cd200r1,MP2,1.129144845,1.79E-04
Rassf4,MP2,0.677420386,1.79E-04
Tmem65,MP2,1.101728929,1.90E-04
Adam8,MP2,0.516037898,1.93E-04
Cd37,MP2,0.835372807,1.95E-04
Rufy3,MP2,0.886856085,2.46E-04
Galns,MP2,1.829617389,2.71E-04
B4galnt1,MP2,1.567317471,3.24E-04
Plekhm1,MP2,1.264180225,3.43E-04
Gm13391,MP2,3.406879564,4.41E-04
Apbb2,MP2,0.880760809,4.98E-04
Mbnl2,MP2,0.498299086,5.27E-04
Enpp1,MP2,1.203462947,5.29E-04
C3ar1,MP2,0.80380627,5.40E-04
Gm38335,MP2,5.924687982,5.57E-04
Gm13178,MP2,4.311346196,5.92E-04
Slc8a1,MP2,0.555040191,6.12E-04
Pirb,MP2,0.726690667,6.57E-04
Tgif1,MP2,1.297317446,7.86E-04
Gm21188,MP2,0.893158077,7.96E-04
Fam214a,MP2,1.31602113,8.27E-04
Ikbke,MP2,1.662315419,8.29E-04
Pkib,MP2,1.66221851,8.44E-04
Nceh1,MP2,1.012050999,8.86E-04
Dtnbp1,MP2,0.916246539,8.91E-04
Stx3,MP2,1.195039815,9.04E-04
Nckap1l,MP2,0.69374025,9.42E-04
Sgpl1,MP2,0.842856541,9.44E-04
Dnase1l1,MP2,0.819761415,9.52E-04
Abca1,MP2,0.573495122,9.70E-04
Kif21b,MP2,1.727633654,0.001200702
Arhgap10,MP2,0.759332874,0.001207859
Clec2d,MP2,0.909000149,0.001241221
Znrf1,MP2,1.008845363,0.001282905
Slc16a10,MP2,0.966095744,0.001330251
Snx24,MP2,0.722269652,0.001466083
Slamf7,MP2,2.208461934,0.001533947
Trim6,MP2,3.144417707,0.001538272
Ccn2,MP2,0.699027551,0.001558047
Lat2,MP2,1.085285526,0.001567746
Lum,MP2,0.756947522,0.001622886
Sfrp2,MP2,1.747104133,0.001813966
Epb41l2,MP2,0.724907176,0.001856504
Neurl3,MP2,0.991019228,0.001926789
Plin2,MP2,1.049604299,0.001948298
Hgf,MP2,1.565452465,0.001990264
Smim14,MP2,0.855122952,0.001993964
Hebp1,MP2,1.275818528,0.002312927
Rreb1,MP2,0.508273324,0.002432563
Erbin,MP2,0.558409171,0.002919442
Mgp,MP2,0.653343504,0.002972041
Zfand2a,MP2,1.386245152,0.003185199
Irf8,MP2,0.750230545,0.003338894
Myo5a,MP2,0.586195583,0.003339564
Ankrd12,MP2,0.822997163,0.00393216
Col5a1,MP2,0.787140977,0.003934589
Ltbp2,MP2,0.852352292,0.004055506
Tmem154,MP2,1.134868447,0.004240143
Tnrc6b,MP2,0.639111444,0.004295415
Flcn,MP2,1.062579095,0.004367384
1700056N10Rik,MP2,3.702738153,0.004470894
Eln,MP2,1.307322416,0.004587338
Mxd4,MP2,1.000963281,0.005201318
Rnf144b,MP2,0.986423199,0.005485944
Cd5l,MP2,3.178924114,0.0055869
Cd300lb,MP2,0.933094499,0.005696111
Ermard,MP2,0.931307636,0.006562019
Rab40c,MP2,1.228182707,0.006825559
Vmp1,MP2,0.644514547,0.008404378
Pcyt1a,MP2,0.903383041,0.008427891
Tns3,MP2,0.830084052,0.009662457
Il7r,MP3,4.482509702,4.51E-48
Adam8,MP3,4.000355213,2.51E-45
Rai14,MP3,3.558735137,6.62E-41
Lgals3,MP3,2.823844854,1.92E-26
Kcnn4,MP3,3.198328365,5.50E-25
Fam20c,MP3,3.176438337,4.37E-23
Galnt6,MP3,3.830514808,6.29E-23
Spp1,MP3,3.181552909,1.02E-21
Stra6l,MP3,4.998712152,2.74E-19
Eno2,MP3,3.769813639,3.63E-18
Airn,MP3,2.557056163,2.03E-17
Slc22a4,MP3,4.017795241,3.38E-17
Lilr4b,MP3,1.989812375,7.91E-16
Fn1,MP3,2.221511003,1.33E-15
Slc27a1,MP3,2.742816549,1.35E-15
Id2,MP3,2.487087409,1.51E-15
Lhfpl2,MP3,2.480217105,3.27E-15
Igf2bp2,MP3,4.401112037,9.54E-15
Chst11,MP3,2.643936105,1.45E-14
Gpnmb,MP3,3.121856247,2.88E-14
Arhgap24,MP3,2.322820735,3.20E-13
Gm47507,MP3,4.020776042,8.06E-13
Fam129b,MP3,2.205165107,1.02E-12
Plcb1,MP3,2.23311024,1.11E-12
Morrbid,MP3,1.975726771,1.26E-12
Spsb4,MP3,3.969167058,1.42E-12
Gm46401,MP3,5.185564088,1.54E-12
St18,MP3,1.993094497,2.59E-12
Basp1,MP3,1.990363977,4.38E-12
Gm26917,MP3,1.771211915,4.43E-12
F10,MP3,4.395504119,5.26E-12
Mmp12,MP3,3.361873779,6.03E-12
F7,MP3,3.603271559,8.52E-12
Pde4d,MP3,2.739127529,1.11E-11
Slc7a2,MP3,3.354524303,2.09E-11
Arg1,MP3,4.14390545,2.13E-11
Fabp5,MP3,2.461567084,6.53E-11
Pdpn,MP3,3.548513802,7.98E-11
Lrp1,MP3,1.577207123,8.01E-11
Cgnl1,MP3,2.443295813,8.09E-11
Vim,MP3,1.457132187,1.16E-10
Inf2,MP3,2.647370759,1.96E-10
Rgs1,MP3,3.466857316,2.35E-10
Col1a1,MP3,0.840836785,4.50E-10
Myof,MP3,1.842294974,1.06E-09
Arhgap10,MP3,1.6092714,1.12E-09
Myo1e,MP3,1.917387521,1.45E-09
Bcar3,MP3,2.094633821,1.78E-09
Clec4e,MP3,2.959411372,2.14E-09
Postn,MP3,1.010724521,2.27E-09
Myo16,MP3,5.06535435,2.97E-09
Clec4d,MP3,1.980643774,3.18E-09
Ctsl,MP3,2.6628057,4.37E-09
Apbb2,MP3,2.19013868,4.98E-09
Prss46,MP3,7.259389962,6.78E-09
Gnptab,MP3,2.189124701,1.32E-08
Ctsd,MP3,1.689690826,1.50E-08
Ankrd28,MP3,1.889305877,1.69E-08
Xylt1,MP3,1.715479209,2.03E-08
Tcirg1,MP3,1.935577705,2.15E-08
Cxcl2,MP3,3.704008583,2.22E-08
Itga5,MP3,2.152588342,2.41E-08
Pdgfa,MP3,2.297389117,2.47E-08
Noct,MP3,2.716644637,2.56E-08
Cd300lf,MP3,2.252369531,4.38E-08
Hilpda,MP3,3.536720635,5.58E-08
Anpep,MP3,2.506732885,6.20E-08
Rnf128,MP3,2.079793655,8.01E-08
Psap,MP3,1.456547963,9.63E-08
Apobec1,MP3,1.22164831,1.06E-07
Msr1,MP3,1.670649758,1.07E-07
Sparc,MP3,0.837864418,1.08E-07
Gpr35,MP3,2.441665067,1.09E-07
Osbpl8,MP3,1.369157025,1.94E-07
Cd109,MP3,3.205165028,2.61E-07
Fmnl2,MP3,1.752031285,3.01E-07
Col3a1,MP3,0.693721544,3.41E-07
Gm42418,MP3,0.5930231,3.87E-07
Neat1,MP3,1.128386281,4.08E-07
Lat2,MP3,2.00935853,4.67E-07
Rhov,MP3,4.698680764,5.10E-07
Hal,MP3,1.923543879,5.52E-07
Cd200r4,MP3,4.932057904,5.56E-07
Cd93,MP3,1.589600464,5.91E-07
Anxa2,MP3,1.619994968,6.12E-07
Plec,MP3,1.750240568,7.34E-07
Fnip2,MP3,1.88578985,8.65E-07
Dmxl2,MP3,1.321522807,9.11E-07
Cd84,MP3,1.53990135,9.14E-07
Lilrb4a,MP3,1.359476671,9.55E-07
Nppa,MP3,1.016154581,1.00E-06
Gm47123,MP3,4.234761128,1.04E-06
Cd9,MP3,1.932513298,1.26E-06
Tnfaip2,MP3,1.369263619,1.47E-06
Nav2,MP3,2.296907723,1.49E-06
Pkm,MP3,1.270963217,1.58E-06
Ahnak,MP3,1.183879643,1.69E-06
Col1a2,MP3,0.703678504,1.80E-06
Map4k3,MP3,1.724500457,2.00E-06
Gm37168,MP3,2.857047685,2.08E-06
Dot1l,MP3,2.106682863,3.93E-06
Atp6v0d2,MP3,2.427281212,3.94E-06
Alcam,MP3,1.196275331,4.08E-06
Vat1,MP3,2.074001627,4.72E-06
Hif1a,MP3,1.537664512,4.94E-06
Capg,MP3,1.59922487,5.56E-06
Fam71f2,MP3,6.90460877,6.47E-06
Cdk18,MP3,2.530425002,6.56E-06
Fam83f,MP3,3.889501227,6.75E-06
B4galt5,MP3,1.462039801,6.89E-06
Il1rn,MP3,1.974285951,6.97E-06
Txnrd1,MP3,1.955387108,1.16E-05
Mfsd12,MP3,2.183977514,1.36E-05
Atf3,MP3,2.550894608,1.44E-05
Olfr111,MP3,3.177385658,1.69E-05
Gla,MP3,3.17275588,1.78E-05
2510009E07Rik,MP3,1.3319012,1.86E-05
Actn1,MP3,1.761097443,1.89E-05
Tgm2,MP3,2.015478416,2.86E-05
Tes,MP3,2.326620996,3.56E-05
Acod1,MP3,3.578758615,3.65E-05
Gramd1b,MP3,2.142540827,4.49E-05
Plin2,MP3,1.723006439,4.94E-05
Anxa4,MP3,1.782373535,4.96E-05
Plpp3,MP3,1.913992414,5.63E-05
Pik3r5,MP3,1.154010129,5.65E-05
Mrtfb,MP3,1.318864065,8.49E-05
Anxa1,MP3,1.721917666,9.45E-05
Fmn1,MP3,1.287206258,9.77E-05
Actg1,MP3,0.998355391,1.09E-04
Aig1,MP3,1.560013978,1.10E-04
Rasgef1b,MP3,1.670560296,1.41E-04
AU022793,MP3,2.786560484,1.52E-04
Nt5e,MP3,3.341213108,1.54E-04
Iqgap1,MP3,1.097673712,1.60E-04
Pam,MP3,1.215616561,1.84E-04
Cdk20,MP3,2.384560021,2.04E-04
Tpcn2,MP3,1.753948117,2.25E-04
Tm4sf19,MP3,4.525243185,2.26E-04
Lrp12,MP3,1.290001918,3.29E-04
Eno1,MP3,1.572162961,4.13E-04
Abr,MP3,1.087622744,4.28E-04
Cd44,MP3,1.604382068,5.32E-04
Lox,MP3,1.721435561,6.09E-04
Cipc,MP3,1.849140436,7.68E-04
Piezo1,MP3,1.745214765,9.12E-04
Mir22hg,MP3,1.68721153,0.001073957
Zfand2a,MP3,2.152391659,0.001109039
Macrod2,MP3,2.549405014,0.001156782
Gpr137b,MP3,1.936250844,0.001298003
Ell2,MP3,2.579565134,0.00135189
Frrs1,MP3,1.284779539,0.001466427
Tmem189,MP3,1.055076952,0.001532604
Zfp462,MP3,2.756030608,0.001536526
Slc6a8,MP3,2.211884802,0.001642665
Mgat5,MP3,1.215096137,0.001651935
Xylt2,MP3,2.139454969,0.00171776
Mfap4,MP3,1.222089162,0.001847308
Junos,MP3,2.593434143,0.001936972
Sh2d6,MP3,6.242254543,0.002318378
Tfr2,MP3,6.118349698,0.002362699
Htr2b,MP3,2.035464452,0.00268596
Zfp469,MP3,3.436649016,0.002932755
Por,MP3,1.414926137,0.002955044
Plekho2,MP3,1.568301309,0.003134352
Gm9484,MP3,4.872699337,0.004294187
Gm48302,MP3,5.192013095,0.004416554
Ikbke,MP3,1.423799404,0.004462872
Ppan,MP3,1.713341833,0.00572265
Tatdn2,MP3,2.569076829,0.005883098
9230114K14Rik,MP3,3.44885625,0.006200485
Dgkz,MP3,1.343604252,0.006356341
4933433G19Rik,MP3,7.825659354,0.006437357
Gm42884,MP3,6.802495577,0.006437357
Gm41300,MP3,6.703039929,0.006437357
Slc18a1,MP3,6.633734436,0.006437357
A230060F14Rik,MP3,6.537090919,0.006437357
4930441J16Rik,MP3,6.492534262,0.006437357
4930512J16Rik,MP3,6.481332486,0.006437357
Atp2c2,MP3,6.172270794,0.006437357
Ambp,MP3,6.157601083,0.006437357
Gm44659,MP3,6.155415465,0.006437357
4930430E12Rik,MP3,2.939063378,0.006886806
Aopep,MP3,1.377136947,0.00718835
Car5b,MP3,2.82690463,0.00725907
Galns,MP3,1.744240856,0.007508016
Dhrs9,MP3,2.063708188,0.008624106
Abcg1,MP3,1.298465906,0.008934921
Plaur,MP4,3.53478622,3.82E-34
Wnk1,MP4,2.877976918,7.78E-25
Fkbp5,MP4,2.754265484,1.05E-23
Lyve1,MP4,2.115526392,7.78E-21
Sgms1,MP4,2.125772272,1.08E-20
Ppp1r13b,MP4,2.933602634,1.45E-20
Dusp1,MP4,2.785489343,1.51E-19
Fam129b,MP4,2.50436163,1.58E-17
Lyn,MP4,1.666601233,1.43E-15
Cd80,MP4,2.64625122,2.30E-15
Srgn,MP4,2.620034329,3.88E-15
A330023F24Rik,MP4,2.101321998,9.62E-15
Zbtb7c,MP4,2.358930218,2.53E-14
Kdm6b,MP4,2.181044468,6.58E-14
Pxn,MP4,1.961898679,9.79E-14
Trib1,MP4,2.309613542,2.18E-13
Cebpb,MP4,1.991854048,3.80E-13
Mef2a,MP4,1.488590619,1.57E-12
Jdp2,MP4,2.177328867,2.80E-12
Rhbdf2,MP4,2.532376471,9.92E-12
Clic4,MP4,1.947301127,1.37E-11
Phlda1,MP4,3.320974611,1.68E-11
Pfkfb3,MP4,2.317843043,2.47E-11
Ccny,MP4,1.901378991,2.48E-11
C5ar1,MP4,1.831546842,4.97E-11
Malat1,MP4,0.764322146,6.85E-11
Pdlim5,MP4,1.629137727,1.66E-10
Cdkn1a,MP4,2.312495861,1.91E-10
Lrrfip1,MP4,2.010103131,2.60E-10
Dok2,MP4,1.993631375,3.30E-10
Tubb6,MP4,2.375628832,8.08E-10
App,MP4,1.500860065,1.26E-09
B4galt1,MP4,2.318618614,2.07E-09
Gm14636,MP4,3.238297683,2.73E-09
Hes1,MP4,2.886644068,4.76E-09
Gm17268,MP4,3.057025144,6.79E-09
Cdk14,MP4,1.376219571,7.16E-09
Ap2a2,MP4,1.466542915,1.05E-08
Man2a1,MP4,1.566450446,1.44E-08
Itgam,MP4,1.899988387,3.36E-08
Ier2,MP4,2.048616876,3.91E-08
Afap1l1,MP4,1.93255987,5.31E-08
Areg,MP4,5.852520363,5.61E-08
Zfc3h1,MP4,1.585446248,7.54E-08
Stk40,MP4,1.801999301,9.55E-08
Srgap2,MP4,1.313530017,1.00E-07
Zfand3,MP4,1.451401065,1.08E-07
Itgb2,MP4,1.546414846,1.09E-07
Arhgap23,MP4,2.257333044,1.10E-07
Junb,MP4,1.947268642,1.19E-07
B4galt5,MP4,1.5887728,1.38E-07
Myh9,MP4,1.417438398,1.56E-07
Syne3,MP4,2.263931637,3.03E-07
Mfhas1,MP4,1.613721266,3.21E-07
Cbr2,MP4,1.428594475,3.31E-07
Mt2,MP4,2.912369138,5.59E-07
Cwc22,MP4,1.477474449,1.18E-06
Ehd1,MP4,1.821556689,1.43E-06
Abl2,MP4,1.565943399,1.67E-06
Alcam,MP4,2.057705992,2.46E-06
F13a1,MP4,1.215669034,3.19E-06
Nfatc2,MP4,1.856105101,4.10E-06
Ccl12,MP4,1.951052922,4.20E-06
Sh3pxd2b,MP4,1.497700844,4.47E-06
Zswim6,MP4,1.272265251,4.55E-06
Stab1,MP4,1.080739618,4.67E-06
Tln1,MP4,1.274293197,4.69E-06
Cacna1a,MP4,1.0235605,6.95E-06
Adgrg6,MP4,1.747406275,9.07E-06
Fosl2,MP4,1.861250471,1.11E-05
Hif3a,MP4,2.498571347,1.13E-05
Dab2,MP4,0.967925512,1.14E-05
Cmip,MP4,1.172840519,1.28E-05
Oxr1,MP4,1.97667122,1.29E-05
Ccl24,MP4,2.47835953,1.41E-05
Nfkbia,MP4,1.489431377,1.45E-05
Capzb,MP4,1.143905247,2.58E-05
Dagla,MP4,2.392594031,3.27E-05
Rnf169,MP4,1.225220074,3.41E-05
Ubtd1,MP4,1.671119044,3.81E-05
S100a10,MP4,1.829216579,4.67E-05
Sh3bp2,MP4,1.398503093,7.08E-05
Bcl2l1,MP4,1.503891707,7.94E-05
Ccl9,MP4,1.605351324,1.03E-04
Trip12,MP4,1.264510232,1.03E-04
Rap1b,MP4,0.950887101,1.26E-04
Cd44,MP4,1.360644845,1.40E-04
Adgre5,MP4,0.994624779,1.45E-04
Ap2b1,MP4,1.548342657,1.49E-04
Pitpna,MP4,1.277974891,1.54E-04
Lima1,MP4,1.480934986,1.59E-04
Pid1,MP4,0.934119143,1.62E-04
Tmod1,MP4,1.456122887,1.77E-04
Rin2,MP4,1.868441382,1.79E-04
Mir22hg,MP4,1.882362605,1.96E-04
Gm22146,MP4,2.73987724,2.04E-04
Slfn2,MP4,1.51782474,2.07E-04
Per1,MP4,1.237103865,2.15E-04
Pmp22,MP4,1.42678459,2.49E-04
Fcer1g,MP4,1.199763925,3.27E-04
Parvb,MP4,1.907414155,3.35E-04
Fgfr1,MP4,1.664381214,3.49E-04
Klf13,MP4,1.350477656,3.66E-04
Mtdh,MP4,1.250717877,3.84E-04
Psd3,MP4,1.014070311,4.17E-04
Ccl2,MP4,2.440626336,4.25E-04
Chd7,MP4,1.537157475,4.41E-04
4631405J19Rik,MP4,3.827768401,4.88E-04
Vcl,MP4,2.322046034,4.93E-04
Pacsin2,MP4,1.146590796,5.00E-04
Capn2,MP4,1.601835851,5.00E-04
Sytl1,MP4,2.985581423,6.35E-04
Nab2,MP4,2.036480167,8.88E-04
Camkk2,MP4,1.701059973,9.66E-04
Hivep2,MP4,1.250349653,0.001007848
Vav3,MP4,0.956766403,0.001120588
Klf10,MP4,1.722301866,0.001173288
Mctp2,MP4,2.166974524,0.001188468
Slk,MP4,1.28267633,0.001301036
Egr1,MP4,2.296938972,0.001408888
Picalm,MP4,0.810548758,0.001410611
Tspan14,MP4,1.558679588,0.001455417
Wasf2,MP4,1.191227841,0.001758553
Orai1,MP4,1.441761078,0.001767135
Gm4610,MP4,7.596898338,0.001929701
Gm15234,MP4,6.927680768,0.001929701
Kcnab3,MP4,6.732495292,0.001929701
Gm45774,MP4,6.333507991,0.001929701
Gm11707,MP4,6.224553211,0.001929701
Gm35060,MP4,5.850571199,0.001929701
Pag1,MP4,1.225051623,0.001939355
Midn,MP4,1.740459808,0.001975849
Ms4a6d,MP4,1.455163413,0.002159676
Colec12,MP4,0.972708447,0.002282556
Ptpn12,MP4,0.942640233,0.002311823
Riok2,MP4,2.153311429,0.00236766
Pald1,MP4,2.19613425,0.002374409
Notch1,MP4,1.497108893,0.00284165
Smurf1,MP4,1.35652337,0.003124588
Dlgap4,MP4,1.248667917,0.003228969
Ubp1,MP4,1.489044939,0.003419697
Cbfb,MP4,1.284067437,0.004332576
Wdr26,MP4,0.942485832,0.004491184
Kdm7a,MP4,1.163498471,0.005481935
Tbc1d10a,MP4,2.153016714,0.005764835
Gm43728,MP4,2.368167152,0.006147741
Ipo7,MP4,1.327988261,0.006157892
Spaca6,MP4,2.242310693,0.006252907
Sh3pxd2a,MP4,1.772209219,0.006374738
Dapk1,MP4,1.232471755,0.006897145
Ncf2,MP4,1.268656474,0.007450256
Rbms1,MP4,0.902038305,0.008283663
Itga5,MP4,1.485117712,0.008651211
Skap1,TC,5.451517065106486,1.5799960902376582e-29
Gm2682,TC,6.395993123,6.628215502937291e-22
Itk,TC,6.170574506535492,7.6791933698317e-21
Prkcq,TC,6.378105376847429,5.881106170965245e-20
Cd247,TC,5.853961300317793,3.6032333863229707e-16
Fyb,TC,3.22488813,1.8096745531841126e-14
Il7r,TC,5.132371315023114,2.826907109312824e-14
Bcl11b,TC,6.546548979591096,2.6537001162010285e-13
Txk,TC,5.472667415703442,9.96543311418612e-13
Pitpnc1,TC,2.080163527705845,4.0237454495291144e-12
Ppm1h,TC,3.0669307907611545,6.145986640767156e-12
Tox,TC,5.575767129126314,1.762249031220857e-11
Themis,TC,5.661286375112231,8.596792488832698e-11
Lef1,TC,5.415834631248014,8.627021886763958e-11
Trbc1,TC,5.218348967119413,5.190615814485431e-10
Emb,TC,3.840709828455725,5.477704282202706e-10
Trbc2,TC,8.412820356976152,6.548313633122375e-10
Tcf7,TC,6.818067317,7.662243710198609e-10
Cd3e,TC,5.720708739183001,1.0281750753379899e-9
Camk4,TC,4.567395028659535,1.2297155787941412e-9
Utrn,TC,2.160308925307604,5.438181944271315e-9
Selplg,TC,2.2718344002823385,8.102717711888348e-9
Znrf3,TC,3.150759683722006,9.82678079854706e-9
Slc9a9,TC,2.398415540716649,1.0404174788858894e-8
Rinl,TC,6.055591965877427,1.1870330729213342e-8
Ipcef1,TC,3.8177346653405477,5.337605166841498e-8
Cd226,TC,6.842229608750061,8.251034081691157e-8
Tnik,TC,2.2295124116234626,2.920496908592904e-7
Prkch,TC,2.8128440227690845,2.968259666966651e-7
Cd3g,TC,6.925168293464478,3.6202504224457577e-7
Atp1b3,TC,3.412049099365186,3.6758246968070386e-7
Slco3a1,TC,3.1235071054941077,3.906972562595773e-7
Iqgap2,TC,3.416245181956265,1.3026819965395386e-06
Il18r1,TC,5.775879511350757,1.4964854734973783e-6
Lcp2,TC,4.677262987519151,2.7298805828266114e-6
Sidt1,TC,3.5579749479138245,3.6597936162538602e-6
Lck,TC,3.1578431342972695,6.447347920839772e-6
Fyn,TC,1.309043051301052,1.695627895731636e-5
Fxyd5,TC,2.9327475324660157,2.8145318194594035e-5
Ccnd2,TC,3.342286642335975,4.0633145608656136e-5
Sntb1,TC,4.024666605514967,5.531677855676981e-5
Nsd3,TC,1.4375643083040428,5.684120540689941e-5
Saraf,TC,2.8703427054923507,4.7217320832561787e-4
Aak1,TC,1.5825234946347497,6.740180434542851e-4
Atp8b4,TC,3.1102752898203203,9.878391974841114e-4
Mllt3,TC,1.6132188901611655,0.001320836
Znrf1,TC,2.0937156129646426,0.001340616
Ikzf2,TC,6.997701637123193,0.001524971
Kif1b,TC,2.102069383928658,0.00180699
Faah,TC,3.9011736089771865,0.002498527
Pik3r5,TC,2.3544522941520984,0.002910592
Stk39,TC,3.2212465400276518,0.003060971
B2m,TC,1.0207624824709716,0.00383481
Abtb2,TC,3.719599754606274,0.004175068
Ms4a4b,TC,2.8499870687364917,0.004435712
Cd28,TC,6.426275366506618,0.00466647
Cd3d,TC,4.612660596483123,0.005494249
Npc2,TC,2.9807926514055376,0.006813704
Cd96,TC,4.093070111248621,0.00726806
Bank1,BC,7.603349627610427,9.594771590387998e-35
Ebf1,BC,5.210691824680154,9.290008370014435e-31
Mef2c,BC,4.500141957117768,2.72103380117968e-30
Igkc,BC,7.481649146119522,2.3372374545057675e-29
Pax5,BC,7.630774068979349,4.246730840431194e-29
Cd74,BC,4.542173603124874,3.2473309508701755e-28
Wdfy4,BC,6.199546216,1.038370355942142e-26
Syk,BC,4.061407468007587,2.589183069247409e-26
Ighm,BC,4.874781938047336,7.213092047159286e-26
Lyn,BC,3.929943069357686,1.8329590760607903e-25
Ighd,BC,6.869044989770679,2.0605937494168562e-24
Cd79a,BC,5.918564811667916,1.3583433957150914e-22
Blnk,BC,6.083388149446161,1.6053146540696372e-22
Bcl11a,BC,8.104961791073546,1.7819478452383731e-22
1-Mar,BC,6.628015866923531,9.2180314961756e-22
H2-Aa,BC,4.326317919867467,8.92892875830377e-21
Gm15987,BC,6.1959845651416545,2.6004672886180366e-20
Ralgps2,BC,3.324770804345098,7.165803890392036e-20
H2-Ab1,BC,4.122075177463584,3.3283949654592182e-19
Cd79b,BC,5.036559788808374,6.227124075130804e-19
Iglc2,BC,9.307722841541949,9.883611827813238e-19
Siglecg,BC,8.909500015812554,6.061032366682987e-17
Btk,BC,5.5570740845929505,5.724192026087413e-16
Lrrk2,BC,4.497027646292371,1.1010880078785082e-15
H2-Ob,BC,4.5256660085539995,1.3402142796783441e-14
Chst3,BC,6.677657378029573,1.5028826135161724e-14
Fchsd2,BC,3.065511262259548,1.5055340734852238e-14
Pou2f2,BC,4.356227181977633,1.6745480473811633e-14
Gm30211,BC,9.175448751254661,2.2619434287962462e-14
Ms4a1,BC,7.798218022798267,2.8756498327882104e-14
Gm49980,BC,3.6397495003928686,2.0353419048119463e-13
Cd22,BC,8.470052657463672,3.918520814998621e-13
Iglc3,BC,7.280358703712137,5.254078250331776e-13
Prkcb,BC,2.0352630900126463,9.951399029654157e-13
Cd19,BC,8.501459048388316,9.981836784478152e-13
Snx9,BC,4.689743481578033,1.184134583758698e-12
Slc12a6,BC,2.0431189091912936,1.5975740195384975e-12
Unc93b1,BC,3.2571786814531665,1.7774516361229632e-12
Cd37,BC,2.5236391577594874,1.954673079850277e-12
Slc9a7,BC,3.3340044458407694,2.265795112122364e-12
Ly86,BC,6.960627216566084,3.934497598675126e-12
Cd55,BC,2.7384832014945806,1.0058463463332283e-11
Pou2af1,BC,6.204604497733688,3.051936369941007e-11
Aff3,BC,1.7059366208882087,3.74680762442324e-11
Baz2b,BC,1.980507078800808,8.135540496135664e-11
Ptprj,BC,3.003965417836015,9.34942952792279e-11
Snx2,BC,2.543208948656425,1.258972451944231e-10
Myo1e,BC,2.2709108733471095,1.5402266318836854e-10
Cd180,BC,8.271270325832646,2.3266350506788258e-10
Fcrla,BC,3.702674348337135,2.5553108952465005e-10
Cr2,BC,5.917172492494499,2.8627270040876114e-10
Ciita,BC,5.271558352085128,3.451865036491193e-10
H2-DMb2,BC,8.119367032850711,5.62497958746745e-10
Bcar3,BC,5.084042009019658,5.989190303566344e-10
Pgap1,BC,2.9223157268065854,6.894362566766368e-10
Kynu,BC,6.139261359763026,5.814132330836608e-9
Fcer2a,BC,8.208677452484931,7.616899325935251e-9
Snx29,BC,2.6602076977528677,1.6967451310695855e-8
Lmbrd1,BC,2.6918518646379974,1.7859204525177203e-8
Snx8,BC,4.079174366744796,2.136154169922006e-8
Gm31243,BC,4.179487318055769,2.7083837776802498e-8
Btla,BC,2.7264705617815976,2.7181512030456772e-8
Prkce,BC,2.103362658505437,4.17532279343542e-8
Fcrl1,BC,8.073478501062452,4.179492785756666e-8
Plcg2,BC,2.7360118139204985,2.501927341035308e-7
Birc3,BC,2.034113935582888,3.203536926528592e-7
Swap70,BC,2.994107998753906,3.4850386619605385e-7
Zfp318,BC,3.8992130367006284,3.664083779706627e-7
Man1a,BC,1.6343455268084464,4.3619188213299904e-7
Blk,BC,2.242019797474304,4.649948605167688e-7
Notch2,BC,2.8296743611654374,5.01369973569046e-7
Cxcr5,BC,7.918523810621136,5.107430670374473e-7
Pik3ap1,BC,2.5940108163282605,1.1174098465168057e-6
Napsa,BC,3.8916935971892688,1.5623210265860683e-6
Arhgap24,BC,4.385966519139799,1.624438452955396e-6
Plekhm3,BC,3.0664682899359006,2.0017398951388806e-6
Ikzf3,BC,1.3805583135471677,2.361444197852222e-6
Pxk,BC,2.4161099931110095,2.6041813903643402e-6
2010309G21Rik,BC,8.144849984,2.6225294511979657e-6
Kmo,BC,5.384962355115009,3.6266850133332593e-6
Setbp1,BC,2.0312015214200247,4.019006030973154e-6
Myo5a,BC,2.826395868295121,4.098890974132728e-6
Snx30,BC,2.889540094756817,4.286542160100458e-6
Dok3,BC,4.822074423,4.370395781515044e-6
Arhgap17,BC,2.282845858605742,4.472099461605797e-6
Serinc3,BC,1.488220782041892,4.71017863033575e-6
Fcmr,BC,7.747486020586137,5.88617009620363e-6
Dennd5b,BC,3.1524220337753643,9.835424840969973e-6
Txndc16,BC,2.3398315816639426,9.90056526362132e-6
Gm11342,BC,3.974491413116885,1.4720837854322429e-5
Abhd17b,BC,2.306843269528914,2.057708757333813e-5
H2-Eb1,BC,3.417301903,2.276694352953108e-5
Smim14,BC,2.261012200323145,2.3407188252365304e-5
Ly6d,BC,7.918441348622577,2.910482745691142e-5
Stap1,BC,2.529236736608093,3.063524220454484e-5
Gm43388,BC,5.326257649435645,3.284376519768336e-5
Ero1lb,BC,2.9076048489390036,4.628566361560097e-5
Cd38,BC,5.026532090446289,6.213436323944373e-5
Dmxl1,BC,1.6698635949455016,8.199445607793928e-5
Sorl1,BC,2.3186446908386995,8.765492842277187e-5
Gga2,BC,4.345224800415609,9.546135172686162e-5
Rasgrp3,BC,3.563089216037664,1.1801899270771426e-4
H2-DMb1,BC,4.644555797437684,1.2924188059705599e-4
Myo1c,BC,2.628323382,1.6786521240302774e-4
Rnf216,BC,2.0438285175078743,1.7255357620065982e-4
St3gal1,BC,1.8374012254702041,2.5377549480981706e-4
Zfp608,BC,2.5229949293376097,2.846202248144128e-4
Immp2l,BC,1.7552205786391533,2.99648273890798e-4
Ppp3ca,BC,1.0099255671931444,3.3588611876848916e-4
Tmcc3,BC,2.341660485910335,5.086955304309502e-4
Mtss1,BC,1.8235608596981079,5.681988839249997e-4
Gm15675,BC,2.844979544622882,6.46224081797349e-4
Trim7,BC,5.335198663549122,6.500219198822935e-4
Gm47782,BC,3.874678453470225,6.869580320632038e-4
Susd1,BC,4.1887433959183165,7.571900668842562e-4
Haao,BC,3.822163233171461,8.350567672285e-4
Csnk1g3,BC,1.5250583663230812,9.026249132888582e-4
Tmem163,BC,2.532137807922912,9.577518248431794e-4
Icosl,BC,4.223056100953399,9.973957286595586e-4
Kcnq5,BC,1.1344384933052654,0.001014941
Bach2,BC,0.9312767345517443,0.001186696
Pld4,BC,3.464752421863449,0.001250287
Uvrag,BC,1.4657051580744556,0.001318917
Plekha2,BC,1.9671261910301707,0.001942181
Cacna1e,BC,1.5091827343528708,0.002097767
B3gnt5,BC,3.0484235843052256,0.002415669
Cyb561a3,BC,3.772777527858242,0.002673431
Fcgr2b,BC,5.9307817198498585,0.002797215
Ms4a4c,BC,4.711063947221898,0.002861374
Tnfrsf13b,BC,3.9818198163014973,0.003750884
Apobec1,BC,3.0676562905790927,0.004023421
Tcf4,BC,1.5187455548936193,0.004215693
Cecr2,BC,3.5258944599308943,0.004922931
Malt1,BC,1.4878601979229664,0.005088567
Fgd2,BC,5.004807479940821,0.00557502
Lpgat1,BC,1.9474832913068447,0.005865193
Plekho1,BC,2.5817894998354554,0.006924456
Ctsh,BC,3.0943519676527056,0.007822089
Hck,BC,3.261942571378602,0.008758116
Cybb,BC,3.7365704571570952,0.009171061
Scd1,BC,3.3151879514505067,0.009173734
